id,label
aaa4a22,0
dec4095,0
6a48877,0
77001b1,0
f4c978e,0
3d47a80,0
94e3174,0
255a0ea,0
14dc03a,0
2f3ad73,0
319b368,0
da5447a,0
a9b2eba,0
476b767,0
d62b909,0
5fab01c,0
36dc2a7,0
6afd9b5,0
1ec199b,0
723c7da,0
e053723,0
d62b762,0
bd5f663,0
d09d71b,0
a426da0,0
9bbce67,0
116219c,0
5324d8b,0
1e9a33a,0
83bd944,0
afd38b5,0
5a01d61,0
7dd52a3,0
6e08df4,0
79dc972,0
a1e4966,0
d43ad9d,0
2fb50a4,0
d74154e,0
83b330c,0
fa9087c,0
579499c,0
b122be5,0
d6058dd,0
a3c2992,0
a90b164,0
3606b47,0
6b998b7,0
580bff9,0
495a2b9,0
246e705,0
1d53381,0
eb1ec8b,0
a563cc8,0
7ab5fcb,0
c656f7c,0
02fb493,0
eb93786,0
0603f3d,0
031ed4f,0
84de97a,0
0720916,0
300b28b,0
1d6beeb,0
f91afa9,0
88b1917,0
34c886b,0
341b235,0
86d7d77,0
dd1bb52,0
b6b27eb,0
0acf8e2,0
f252a35,0
aad0e54,0
f552571,0
6408118,0
fe9c550,0
cb9dd26,0
c86ac91,0
0be0b0d,0
188678e,0
453aced,0
6f0c8a8,0
7cb6f06,0
0b18956,0
b2cb234,0
311c27c,0
61126e5,0
eaacea0,0
cd5fd42,0
7274d00,0
c36a3b8,0
7de71c5,0
486d50f,0
a9eb719,0
e0d8a13,0
054ec71,0
447abe9,0
e5233da,0
d9905e6,0
550e51b,0
b635ded,0
fb0f522,0
c34b88d,0
f939a90,0
fbe16ab,0
c536221,0
06672fc,0
ee66aaa,0
1ad3b0a,0
f5cd24d,0
1fc079f,0
dcdc62c,0
ea16dea,0
dd11838,0
243e6d6,0
4127014,0
0053385,0
8a30436,0
5cdaa8d,0
854cd22,0
b8d91fc,0
ed744fd,0
fc9fb1e,0
f625223,0
e911e1d,0
e537673,0
a70ef5d,0
d905dbc,0
bb9df4a,0
557698e,0
d5f7b9f,0
c06d3cc,0
3092fdc,0
98d4133,0
fb2b4f7,0
cecd3ba,0
b0d279f,0
67736c5,0
7f4ab13,0
56bbf71,0
0e4a679,0
23aae9e,0
36b05e3,0
24a1ed1,0
4a18614,0
3bc1ce5,0
6c6bacf,0
ced9c25,0
0372437,0
9f5e71b,0
7683b73,0
3de6324,0
cf82e45,0
d3cc3e9,0
d33f907,0
508c208,0
8136715,0
4a9ab1b,0
fbe5823,0
8dc3718,0
e90477c,0
64f5c3e,0
f89fccb,0
827a3ee,0
812a831,0
5aeeb4e,0
51a2779,0
017167d,0
3651878,0
ca43860,0
031dc76,0
30c3c40,0
2d77137,0
b67af8a,0
41cd84a,0
434b243,0
f7dec0d,0
5c682fe,0
5aedf84,0
9b342e3,0
b9f41c1,0
2eb7667,0
f614592,0
2a16295,0
ccf3670,0
0aeb02b,0
a4ac1d6,0
ea2cfe7,0
0897f66,0
e12a03f,0
f4f1408,0
1142a82,0
180819c,0
c88d42b,0
a803558,0
9908fd9,0
b2bf2e2,0
18983e0,0
f1ad4f1,0
a52d2e0,0
05a9cf9,0
28d98f0,0
2ac6efa,0
33a63ae,0
efd310d,0
745f19d,0
a754e04,0
93fc41a,0
ebdfe1b,0
c02249b,0
4300ffd,0
c746dfb,0
011cd55,0
9199af7,0
e30a7d1,0
2ef3977,0
e2642b8,0
1a859e0,0
73371e7,0
7666c95,0
d29c6a6,0
c2a7073,0
1622656,0
ac312cc,0
a76a0c9,0
61bc57f,0
3363357,0
f88ce49,0
f2dd9e2,0
7194749,0
8c272ff,0
0c7083f,0
a52835e,0
89fd482,0
b49a2ae,0
11f66dc,0
acca3f5,0
675243e,0
eb8bbfc,0
86f3f74,0
278712f,0
871ee16,0
29efda7,0
d447120,0
eebe013,0
3bf8ccd,0
133471e,0
3ae21bf,0
1daae2c,0
8118f18,0
9fa7c3e,0
772efa1,0
056231c,0
aeb9446,0
d473e98,0
20b6b10,0
ca99790,0
a5455f3,0
0d41d08,0
d1708f1,0
28e85e1,0
4ce1eca,0
243ddd7,0
8307ac3,0
803a888,0
8cbdfeb,0
4db95e5,0
490b948,0
7a256ca,0
0594c10,0
cb63974,0
8c6a7a9,0
e07babf,0
845ae6b,0
6e118c8,0
9f9eb4a,0
507e47d,0
251371b,0
45f0a70,0
cd7766b,0
9c80f28,0
cdaa14b,0
51f2fb2,0
8cded11,0
9f2dfec,0
8a73016,0
41cdb3e,0
acd6cef,0
1d4fc6b,0
4776830,0
d789251,0
71a9683,0
e30ac4c,0
bb0c848,0
674fbe2,0
ba5d50a,0
b7883f5,0
9b21aea,0
d03d1c5,0
fd2afc4,0
7204b8c,0
5641015,0
c8bf64c,0
4fb0333,0
97a5218,0
3d1775b,0
745faea,0
9dda02d,0
15979f6,0
1a61682,0
a267586,0
d8419f7,0
ad97c9d,0
b108db6,0
bf6cdde,0
d6d5631,0
564476b,0
12a13f0,0
c261c2d,0
971cf91,0
5828665,0
68019f0,0
51e4431,0
1eb4f9b,0
f98627c,0
0be575a,0
ab0ba14,0
1e1fa54,0
9c4813c,0
726d602,0
f454145,0
8fff7be,0
93e95db,0
b63afe4,0
8673aaa,0
56c45f7,0
86fd146,0
7966c98,0
7238d8b,0
07d3255,0
54560a5,0
256c09d,0
cdd7df2,0
ca5e963,0
036e0b3,0
5a28d4b,0
63711d1,0
cf10efb,0
b2167b4,0
e0eb271,0
7ce3838,0
feba880,0
cedc70f,0
4f213b3,0
6142b9c,0
64c739e,0
fdb0f59,0
e1b2ab8,0
09c100d,0
3cf10be,0
5c76589,0
77245fc,0
26b7e6f,0
65c561b,0
650cd15,0
51c11b3,0
e4ae208,0
b597e59,0
40a8ed5,0
6aa0ffa,0
1cb0eab,0
992face,0
c9a0a4e,0
85d938a,0
ca3d94e,0
6e7d308,0
273e54c,0
3288cef,0
5fc60e2,0
b9831ec,0
8687269,0
70c908c,0
2077b81,0
14b1108,0
bdd9289,0
ee2d91b,0
1eded24,0
d57c677,0
b89129e,0
8a02959,0
19f5a3c,0
5f407b4,0
844e85d,0
b48ef08,0
8fa9ccb,0
cb41d15,0
7d826aa,0
2ff03cc,0
87692cf,0
c9e6760,0
b146725,0
3ed271b,0
fa77518,0
5b17bb8,0
f1f79d3,0
b2cc33b,0
a14bc05,0
858063a,0
eebd528,0
f08f0ce,0
a21b612,0
14cb740,0
5a4ff5e,0
853221a,0
1b95814,0
9e9369a,0
41dd994,0
1a34d59,0
9e953bf,0
513524a,0
d5a1bac,0
3571ac6,0
ed40021,0
dcb2e89,0
edf95e2,0
a05c5f2,0
9e2876e,0
fea6f04,0
a0a83bf,0
49f8d9e,0
75b8804,0
133242d,0
0bad98f,0
701fce7,0
7ddbe33,0
ff2f769,0
cae0593,0
b06acd0,0
73b483b,0
eb92b73,0
adf2f21,0
09366ac,0
ee890c7,0
66dedab,0
cf62ed0,0
0bd5df3,0
cb69528,0
8311c15,0
144f849,0
efe5925,0
1696950,0
23bc296,0
4b75f4b,0
23effe5,0
92f68ab,0
d077d25,0
2c665a4,0
a46716e,0
d435794,0
5bb0152,0
76a5ee8,0
8422cb4,0
57f3687,0
57d5482,0
7e88a08,0
e1771df,0
1178821,0
ea17f04,0
0d85649,0
1fd0307,0
281efc9,0
1c551e6,0
3c9721d,0
274bcd1,0
204f047,0
4266c17,0
40a5f0f,0
576873a,0
55f653a,0
fa9c1dd,0
a30dcc7,0
047c5e1,0
02927a1,0
f2c117c,0
0cc1585,0
b55d742,0
87e8a67,0
b9a61d1,0
6b22120,0
6a892f6,0
13f10e3,0
f13ee8f,0
fd7182b,0
b81d528,0
36a74d4,0
57c591d,0
508d9b7,0
c02d1c3,0
f73bdc5,0
a024938,0
ce43525,0
b4d9e06,0
7488d85,0
b0c426e,0
a4209a7,0
35740c2,0
3532d2a,0
108cefc,0
eaf861f,0
7270335,0
9c2c8e4,0
525f1a5,0
af911fb,0
5635be1,0
5afb359,0
030bc75,0
d244797,0
123f84b,0
8f81841,0
760d53f,0
8e7b539,0
63fc493,0
631c402,0
d793fe2,0
19b86b6,0
a948326,0
03fa10d,0
2180c93,0
5cd587d,0
226c780,0
f38bf7f,0
b360c43,0
96478ab,0
b074e87,0
c7ff450,0
6beb8f2,0
a2547e9,0
80ec905,0
af4419f,0
3cce74c,0
2ec93f9,0
114d589,0
f8a8f7e,0
af33ef2,0
5e2b4d4,0
43033c7,0
9bcea66,0
add8aa6,0
2e0b297,0
f5670e8,0
0b8bd28,0
890b72a,0
7a2784e,0
27bfa17,0
83fc631,0
8cdd0b2,0
0f548d7,0
c1cd87e,0
5f199aa,0
26d9f69,0
3569b8e,0
631e284,0
4c4fa27,0
89de88d,0
de59f9b,0
2e29c41,0
16bae43,0
8c061ef,0
54a8131,0
13e8281,0
0e7f9e5,0
fa694be,0
f275925,0
f15b453,0
4a22488,0
d846ecb,0
46b96c7,0
e21cb71,0
a4418a7,0
5705161,0
0508dc7,0
fe1b802,0
e2b2c28,0
38fd111,0
738a68a,0
35b80c2,0
340cc59,0
d30485a,0
0e57d82,0
444362e,0
018f2a6,0
1eb9a8c,5
4724378,5
7d59644,5
4f21704,5
8ad7ca5,5
f3a638b,5
86291e4,5
ecac735,5
7ff99e0,5
d1ce7ce,5
a16eb16,5
c24cbb6,5
05c04c8,5
7df2963,5
ac7b340,5
d09b306,5
ccd6584,5
f01fabf,5
d34698d,5
d6c9bc6,5
6d86f7f,5
ad4de17,5
ef7f9c2,5
148ae37,5
96196a0,5
34b47b0,5
e6fe1b8,5
f6d21a5,5
121d194,5
aaa1d86,5
bc0487e,5
b28a7bf,5
784d7d9,5
d6fe1ee,5
68006d3,5
ebdc510,5
a9fa291,5
bc8c4d8,5
1097cb4,5
e46c6a9,5
5742ec8,5
366d5b4,5
f92404c,5
87c4f38,5
6177cfd,5
75884cf,5
7849c12,5
5c88603,5
b75bc61,5
b38240c,5
0d0982a,5
000c738,5
90a76ff,5
f965d32,5
26cc8d4,5
827e392,5
76efdd2,5
70eefc0,5
ae50e0a,5
14aa70e,5
5e6daba,5
bfe7bc4,5
9f18e81,5
5d01698,5
07c772a,5
5a964d5,5
090ec36,5
6f53964,5
002a468,5
9daa49a,5
dbb1f92,5
6cb66f6,5
354ed02,5
ebde4ca,5
3bccbe7,5
d35a589,5
88afc6a,5
8af8f45,5
5630a91,5
200f8a8,5
b34e1b7,5
839fbff,5
2338f44,5
7e04fcb,5
1c0c715,5
ff4a19a,5
7409886,5
dad009e,5
6712936,5
1d695f3,5
06e8a60,5
4be796e,5
c276d90,5
7eebc27,5
9394f46,5
2fdbeb1,5
f47bd3c,5
ffd8462,5
a0b381f,5
9f66892,5
00b17d7,5
79b41c9,5
5f13ee5,5
13329ec,5
f19c4c3,5
42295fb,5
1c415c7,5
e2dc8df,5
9cbd74c,5
7fea96b,5
a86f044,5
b1d661b,5
cdc697f,5
9a6b389,5
0215477,5
27b3637,5
8ef06e9,5
6eb752c,5
24d6f33,5
d71940f,5
dbd54ec,5
6585d1a,5
6ed5a95,5
4319a2f,5
ccc6561,5
58673d5,5
4ee1246,5
7bdf749,5
7a5a36b,5
4226329,5
54a4c37,5
4bca10f,5
0153f29,5
f172374,5
965077d,5
982f445,5
a2e9565,5
1034d94,5
31599e2,5
c9acca9,5
60c2846,5
bbb5147,5
d872ad3,5
16d303b,5
1d97137,5
4db9cff,5
c946699,5
ca0fd7b,5
01b90bd,5
5a5f40d,5
c9b1447,5
2a7c508,5
ed64cd0,5
afc91fe,5
be4fdc0,5
ec133b0,5
bbb2ce5,5
ee9422e,5
7ebea21,5
acb8b1e,5
c4ec9ff,5
6739629,5
c0a2d2f,5
f7bebd3,5
37fe516,5
0b297c6,5
8bb7fe7,5
e0e11ec,5
8bbb99e,5
b6513e1,5
cb6721f,5
238fcc3,5
8d98eb8,5
ff3a4ce,5
234641d,5
44a92b0,5
73e68ef,5
7b729c1,5
2603dd8,5
11fdf49,5
270924f,5
5bb743e,5
bd634ce,5
2c9ea03,5
457bf8f,5
d15a539,5
c6945c6,5
d0e4701,5
749b90e,5
cf8a255,5
8b597b9,5
88511e9,5
dc0bc9b,5
4a31ee2,5
587174f,5
ff9ae1d,5
29ae541,5
8d94e28,5
1167ff6,5
87918e8,5
6a27c92,5
d372764,5
e53bd5d,5
ed2e5d1,5
ee42590,5
4858f1c,5
5837f17,5
12a90e1,5
acf4128,5
0a09213,5
0fae0fa,5
dfa666b,5
08447f6,5
25b7be8,5
55b4c79,5
8c2b282,5
b4c5fe0,5
372e6af,5
c265915,5
0cf56d1,5
a08f637,5
4542d59,5
3c71953,5
a0c59b8,5
8285152,5
de7c7e7,5
700a216,5
22ba774,5
0932f5e,5
996f463,5
fefd1b8,5
06621d4,5
bd60988,5
27de4db,5
e64667c,5
ba041f5,5
c9abcab,5
95a5145,5
3fceef3,5
174fb10,5
2787c03,5
e88cee8,5
1a747df,5
b14dcc8,5
dfb7b2d,5
25c585c,5
3862b6c,5
c754817,5
fee35fe,5
a9ec7ba,5
09607c5,5
fd36828,5
04f895d,5
79d73a1,5
fc6fb6d,5
5046c1f,5
a518c94,5
b2879bb,5
73f35c6,5
77e53c4,5
8991043,5
85723a5,5
ec8cd3d,5
9a31038,5
9fe21c7,5
326c1f6,5
10549aa,5
ea782b7,5
ffa0357,5
f8ffcd7,5
6e66948,5
7a2cae0,5
0c0aedc,5
0aecf3a,5
e86c497,5
1c9beee,5
09b12b2,5
59f21d3,5
de05747,5
c8fd1c5,5
919690d,5
2dfa662,5
2315e55,5
a36c2b0,5
be67353,5
76f92dd,5
e7c8827,5
3027da2,5
ca20fdb,5
b104e8b,5
a1a7074,5
76e4913,5
4f63e12,5
d4fe3dd,5
6d70306,5
3dfc65c,5
225e345,5
036bc67,5
20d6d29,5
1d636ea,5
bcd61ae,5
b27d4d6,5
8784f20,5
87b4f1e,5
5aaf7c4,5
aa29ddb,5
c46f552,5
c2a713c,5
e75e3b0,5
aacbf36,5
e802364,5
4f85cfb,5
f7d28d8,5
ca5777e,5
fdf5b04,5
6c56910,5
2cc7e72,5
38119a3,5
9cd4db8,5
1644706,5
5f34586,5
de13a40,5
568000b,5
cd1a929,5
78a91e0,5
c92d19e,5
5dec63a,5
66a4015,5
63446b7,5
c50be00,5
e42410e,5
2843f4e,5
5cc1fde,5
d98b09f,5
291de7e,5
c63bb70,5
f5b6a25,5
d686ee2,5
030b256,5
a2dbb16,5
43664aa,5
525b893,5
58af9ef,5
6203272,5
23fc9a8,5
93014f8,5
22e1c40,5
11e9d1e,5
a036248,5
0132721,5
d28c9af,5
7ec8f09,5
637e0b9,5
dfffba5,5
e4b41c6,5
7fe935d,5
488ddfa,5
0cd255b,5
efe1af0,5
9aa0717,5
01451ff,5
6c428e8,5
6bb8904,5
dc09c0d,5
495b124,5
fde8ed9,5
112d0f3,5
4c2b6d2,5
5fdab97,5
88af635,5
c0b3566,5
7e3e341,5
c01da46,5
b187cf9,5
9c62e3f,5
35b59d1,5
8c244b8,5
9ba5f52,5
d867ba4,5
a707805,5
8d7852d,5
50b9dc4,5
c64311f,5
b72beb3,5
560d613,5
2750905,5
db24365,5
97ef60b,5
d906f07,5
af47788,5
ec2365c,5
536c6f5,5
e801208,5
2b509bc,5
07e04f5,5
89555c4,5
61023c6,5
c5cd7dc,5
a2412b2,5
cdbe7af,5
c690e00,5
7207a85,5
aedde70,5
4e307ef,5
4c04e95,5
ba55035,5
8745206,5
e90552e,5
7104673,5
e3b1f73,5
46de87f,5
e460e74,5
383ac31,5
83bb79d,5
60a872c,5
81d29cd,5
dced3aa,5
ed41592,5
257974d,5
45aacc3,5
8b38762,5
581d8c4,5
44efca4,5
1f7367d,5
588cbb6,5
1561144,5
76da3e2,5
d5ad4d6,5
3e94dc3,5
be3847b,5
bd58491,5
ceee660,5
6c22716,5
9a4578a,5
9adebea,5
7dfcb53,5
42ad0bc,5
e4b0a28,5
33097dc,5
40e9446,5
515a35b,5
0ab0db9,5
54f941e,5
7e5375f,5
07c11bc,5
98e1cd6,5
fd03adc,5
59d8fe4,5
1c056c0,5
6cf87ed,5
a2abf77,5
2997f44,5
517f8c7,5
bf18e3e,5
469d714,5
ec16c9d,5
cfe6823,5
856cccb,5
c1684a7,5
0526049,5
e8d493d,5
72e35aa,5
8d1b6a3,5
f99a9f6,5
18c20f5,5
cfa5364,5
26ba571,5
bf9aef2,5
17854ea,5
96d3662,5
89a3041,5
eaae3c2,5
74b5769,5
65a7a7e,5
d2837f0,5
ef536df,5
036b471,5
bb4ca90,5
8ecadfd,5
6d4c136,5
8466bfe,5
eb032a3,5
bdf84b0,5
b84623d,5
51a8008,5
9db2590,5
41ce103,5
c99b2cf,5
2ca1181,5
d7e3b98,5
03fb191,5
24c0634,5
ce18fc0,5
0540361,5
aee2fdd,5
d131b61,5
5143d18,5
ceecc10,5
9ec4bd3,5
7fc6648,5
ee0c22a,5
a91343c,5
9c7814f,5
8aa9585,5
f0ae6d9,5
97f78bf,5
ad6ac7e,5
2ec6ebc,5
391433a,5
1ef0be0,5
a2ab168,5
265c38a,5
d277812,5
77efe7d,5
7fdf991,5
fe3b355,5
ec23751,5
0a521e8,5
55ace5c,5
a280756,5
7bbcd64,5
7c29bfc,5
d4b9c64,5
c521c2c,5
2b91836,5
44a8816,5
ddaa26c,5
d52ec1e,5
6bc2249,5
7514b35,5
fee55ca,5
b593cf4,5
5641372,5
a69675b,5
4f7e6f7,5
8c1defc,5
60f4c4a,5
08726ab,5
41ccf94,5
694820a,5
aa52e7d,5
94123cc,5
8731d88,5
c28929c,5
1c96d78,5
ad086a3,5
c97c619,5
dbf5194,5
e851a42,5
ab9dadc,5
5255435,5
9bc00a9,5
d857943,5
f04b9c4,5
cfc1c61,5
14aaee8,5
853acad,5
e74cb8b,5
27e455e,5
d5eaa92,5
75425f1,5
a0dacc4,5
e50895a,5
605be56,5
4db111f,5
c706203,5
1fe09e6,5
ca01411,5
a7d9f16,5
dbbb848,5
e6ba1ca,5
a6bcd0a,5
47a5d34,5
1821fca,5
2f42a81,5
2ca9776,5
a51f411,5
455022d,5
dc12f41,5
145cfb5,5
9f0d433,5
1bff28a,5
66e7c11,5
b5e4f47,5
aae35f6,5
498e045,5
6d91db4,5
6d9ee6a,5
87035cb,5
a4c9866,5
c6447dc,5
04ec7fb,5
a4f2340,1
ff258a4,1
78b8340,1
e6e078c,1
36d3ec1,1
d8f617e,1
4b406ef,1
329b770,1
a7c9003,1
90bee8d,1
4bb5d89,1
3d63115,1
fe80a42,1
9fc9acc,1
d58b83c,1
aa15ade,1
a8a965f,1
2b7f5dd,1
8987b38,1
12dab65,1
4adf062,1
19fefd1,1
044e4de,1
8564d59,1
328ca69,1
a7178ab,1
ac47443,1
7e76250,1
108a432,1
caf8aa1,1
32c4e2d,1
fde001f,1
7bedde2,1
172b08d,1
c81265d,1
884b13a,1
eb3ba78,1
ecfce12,1
cb7068b,1
e49527d,1
f5883dd,1
46d17bd,1
fb1b39e,1
0001090,1
27285d4,1
23ccdcc,1
110cd2c,1
5699552,1
906f768,1
2bed29e,1
ce74673,1
d04fab0,1
c3f4642,1
7ed9ab0,1
28cd9e8,1
26008f1,1
cf7970f,1
d950125,1
2238a7b,1
f5a801c,1
42878d2,1
7a55a9c,1
8ef4471,1
c5f5da1,1
ea91a87,1
30d373f,1
7938163,1
1093ec8,1
9204e9f,1
d6ed69c,1
185dc88,1
7dca210,1
e945115,1
4197ec7,1
80231c6,1
79e4cd4,1
cbbc267,1
c8d6d40,1
a4bdf46,1
76d3efe,1
c754f17,1
3d0ba38,1
72a94d2,1
d005235,1
83dc2b7,1
ca06ee0,1
b1dd7c6,1
cd178cf,1
2f2059d,1
8da5ff8,1
a0c6ee3,1
f40e95c,1
d343f43,1
cd09942,1
5f3f27a,1
82fb009,1
e973bd8,1
9a845ba,1
490b873,1
b178dfb,1
2424cbd,1
d82c6cc,1
9825dd4,1
be6514e,1
6a3c5bc,1
174dcf2,1
a33d151,1
8f38a3e,1
eb898a4,1
b15cbce,1
640f7f8,1
7e68422,1
e28d52e,1
26cb957,1
2280896,1
0fb121d,1
2b20d44,1
0652e2b,1
2513a1c,1
27702ce,1
5840cc3,1
7887589,1
901d24b,1
f26ee10,1
c78b476,1
65810af,1
c3e9a6e,1
4314018,1
8bc8d44,1
5472874,1
ff31b45,1
db89a38,1
1aabebe,1
db9ecc1,1
a65edbf,1
dd2aaaf,1
f21bd1c,1
549f513,1
fa2a14a,1
06dfdbe,1
d7f276b,1
47d6fff,1
ec217f7,1
a5ad455,1
b3fb5f8,1
844595e,1
fe7ab06,1
309d75e,1
591f5e3,1
170c259,1
286dfa9,1
640d9eb,1
2e82601,1
63aa723,1
6878912,1
eba445b,1
c845db3,1
61e2f64,1
5458277,1
48b73f9,1
c8d4a01,1
c879a9e,1
3b66e40,1
3f927d9,1
4056c95,1
37cbbbe,1
3b00924,1
b16275d,1
3afcddd,1
72aacd1,1
e9f5d35,1
b1b8bdf,1
840a116,1
e7d15a0,1
82fc15b,1
9e0632e,1
2a7852b,1
babbe71,1
289478b,1
bcb6edc,1
8ba47cf,1
b76d317,1
999835a,1
26600eb,1
8967c72,1
d925bd9,1
9724a94,1
9f54129,1
3d929da,1
72091fc,1
0721205,1
9c5b999,1
cfff4ad,1
2b76c4c,1
3630f56,1
d3639bc,1
1ec8c63,1
670b919,1
d6586d0,1
a7dc87f,1
e499825,1
837fd1d,1
2031548,1
27768e7,1
71b34ed,1
5c1eed3,1
2adafcf,1
2912dbc,1
0dc929b,1
2efc669,1
23cf658,1
1ad9d16,1
f75b1bc,1
b439a93,1
20717d1,1
2027549,1
7ceaf86,1
dea5846,1
811a902,1
cb48353,1
2405406,1
944f25d,1
b790be8,1
2a3730b,1
bb2639e,1
3705e5e,1
4fe16d3,1
770fbb1,1
7fc6265,1
c7dc9d2,1
b504620,1
c4c61e2,1
29362ae,1
8a308ce,1
ca8a12f,1
9b7b010,1
04e92ea,1
9d7fc83,1
d426359,1
99f55b7,1
61b5cd8,1
62e4b4a,1
58eb9e0,1
0925e3c,1
002c5a1,1
ae13ea7,1
93d06e5,1
b325b34,1
6962802,1
001b7cf,1
14f1b49,1
c518415,1
49966dc,1
adbef8c,1
8eee299,1
59bda30,1
6ae3253,1
d4dab98,1
5ecb61f,1
e91c1d5,1
fdc8cf0,1
f23ea23,1
9a855d8,1
5bc5997,1
8c50856,1
6d49c58,1
83b606a,1
332ca66,1
e71be00,1
8b57932,1
84a016b,1
b56ee24,1
c8565fa,1
ca73fcb,1
2abf2d0,1
055849b,1
6f5e194,1
e0402fe,1
b5ed0f7,1
39f876d,1
466b441,1
f4e49f2,1
bfd5cc4,1
d7824c1,1
27b3b4d,1
5cd07a0,1
e52e0a6,1
2a8b552,1
cc67e88,1
efd9d88,1
888a4e0,1
392bf03,1
5a5dc65,1
ad54690,1
9cb4713,1
7a79e16,1
7f6d52d,1
7a9d833,1
b9a4c4d,1
35d1ef5,1
ecdb6c5,1
7eb79ff,1
e075168,1
9218f15,1
72b53b9,1
43090d5,1
f9355e0,1
b5e19c0,1
1eecda4,1
50c861d,1
071989c,1
90e8d64,1
23bdeb7,1
1e12da1,1
5362113,1
c96d756,1
b48d48d,1
13fb1b7,1
8ae8200,1
a26416b,1
d1ecb82,1
406b8c4,1
84608e1,1
f05b0ea,1
a705675,1
54a027d,1
474651a,1
2554c09,1
70cdae8,1
906170a,1
5a3ae2a,1
a030a78,1
41a3e3f,1
bff97ed,1
b8e6269,1
ae09d87,1
bc67954,1
5a62d84,1
ebb0748,1
f1dbf93,1
384e5f2,1
6b20e3c,1
5982a71,1
8ef9a9a,1
e01fdf2,1
b67579c,1
deb96e4,1
a018b25,1
9435fea,1
8b27035,1
78eea3f,1
25a2573,1
91c57f7,1
82eff4f,1
fdc299f,1
9d00a00,1
6f4b3dd,1
6490e28,1
3e9cb08,1
96169e6,1
a865c44,1
fdfb0a9,1
b805eaf,1
1cded16,1
412a337,1
5c41c37,1
f8d74da,1
a6b4d0e,1
3ac7e3b,1
cb675f2,1
f295045,1
de3250e,1
eb1cb8d,1
4c33383,1
f62ffff,1
d661bed,1
5f20293,1
ae33e45,1
5517d40,1
223e17c,1
a39b792,1
9b2131d,1
cb7cb90,1
089fbc4,1
2e03433,1
59c273b,1
7408112,1
3a7e2ee,1
164a6b1,1
de74158,1
ef3cbab,1
93d83fb,1
f8455d7,1
ef7bfd6,1
72bc614,1
70d6cd2,1
9e35ba8,1
d4817ab,1
bdb4a3d,1
23b3542,1
681164e,1
f03f482,1
c910ead,1
f104757,1
b51db73,1
b6458d2,1
89c723d,1
3f0efe6,1
38280c8,1
09202ca,1
e91c155,1
676374b,1
07d1564,1
7fc5e16,1
8c5aa81,1
edcb411,1
c81b98e,1
d30be6b,1
b9c0cf0,1
a4dce98,1
1602e92,1
4d57314,1
3600499,1
d3466a4,1
ed2c377,1
e7f4ccf,1
c682b89,1
7076c58,1
4546072,1
1ea3ecf,1
9efec3a,1
cdafe70,1
46a5852,1
b12e652,1
98ba97e,1
12ffc78,1
54346ee,1
1712f89,1
740ec79,1
e2c451e,1
cf02bcd,1
696d341,1
3ee41ff,1
75096a9,1
645450a,1
14c9839,1
61307d1,1
da860e4,1
21a2655,1
0a7c23e,1
111347d,1
26e02b8,1
b1ec6b8,1
5f80030,1
d5281a2,1
1adf6fa,1
14647cb,1
bf08fd7,1
b973d99,1
207401b,1
c138fac,1
2b61e05,1
7f0e9dd,1
c9a71f3,1
9715ef5,1
19e32ab,1
cffcd75,1
194c2f6,1
4afc066,1
15ea1d2,1
783be16,1
305bff3,1
ab0b3f7,1
2e8f054,1
9d3cf6d,1
ddf91ad,1
8ba816a,1
f260754,1
334f30a,1
4a9f77b,1
ec3f4f6,1
2377038,1
f9c266c,1
a746801,1
1342716,1
7ec1409,1
6b6d69d,1
5de80b5,1
f107d29,1
8a8fa90,1
2ffced4,1
c437ad8,1
7853d07,1
71d6cb7,1
290dab0,1
c1da20c,1
b2910ad,1
24fd1d1,1
8c77af0,1
d9e12be,1
5cff235,1
07534ff,1
8226117,1
d890f45,1
175c803,1
8c79c2d,1
6fbf0ba,1
00d968e,1
2484b30,1
8e4566f,1
dcc53d9,1
4214ffc,1
110474c,1
1698a86,1
b7299ea,1
3894f57,1
fa0e4e2,1
f122d38,1
4a6e48f,1
263ee43,1
bb91d0d,1
46fa158,1
ccee54e,1
bf014e7,1
507cbcb,1
65ee538,1
48e9b8e,1
223584d,1
72920da,1
8b5f54f,1
60f9841,1
50cf493,1
9195447,1
cae0ee1,1
75a32ed,1
8bb01eb,1
2cddb3b,1
a608685,1
f4d66d3,1
f2e4c67,1
747f390,1
d90b176,1
6c5a5a8,1
17d8289,1
d452a6b,1
223c9be,1
809e73e,1
e789871,1
238d0c4,1
43b022a,1
826406c,1
9753c29,1
1ef1cb4,1
66f5e81,1
5b6a0fc,1
acdb0a4,1
3a67ad3,1
d3c48df,1
4acad92,1
b247a97,1
70acc0d,1
f972f49,1
73227c4,1
b42b96b,1
1de23dc,1
b04ce95,1
e0c41d3,1
40a00b0,1
2c238af,1
56e8f21,1
ea36536,1
d0f4493,1
7c2ba93,1
16d8e72,1
79937d6,1
68c430f,1
70f2a45,1
efdbf66,1
3d73c34,1
85110d9,1
56b0cce,1
e24d3fe,1
ea66db7,1
4c708cf,1
00dd50c,1
d227b1c,1
bbbc4c1,1
0471871,1
6deb972,1
7339d53,1
cf49daa,1
76b5710,1
cc844fe,3
05ce463,3
7c89914,3
2ddb2ea,3
9645a41,3
98f7eb2,3
6375db6,3
6c9639d,3
194b933,3
c591e88,3
b170c92,3
7f89968,3
7f38d03,3
b0a223f,3
92064cf,3
59db10c,3
0635a09,3
fc000f7,3
0ade8b8,3
85b4ecf,3
3a7b932,3
8082088,3
c9c0e83,3
5483b46,3
d332f20,3
bd60eb5,3
5c65730,3
38bb9ff,3
0694fc0,3
b604579,3
33eca11,3
fb65ae2,3
1051361,3
fc39026,3
a91eb27,3
93ef04f,3
8b96f33,3
206497d,3
0dbeaaa,3
f37930e,3
c08123b,3
5c1a58f,3
8798b46,3
3e92dc8,3
8d473a0,3
ba64c89,3
5b9defc,3
ff1895a,3
c35aa51,3
b6b5b0d,3
3688335,3
46098c1,3
02ed50c,3
c99a955,3
2cf7227,3
dcf8457,3
ced3e9b,3
37535a9,3
96e1b6d,3
6639102,3
851e801,3
1030235,3
77a6db2,3
149f051,3
2459672,3
6310a91,3
4d6c4ed,3
dd5fa2e,3
269c2bb,3
cc97443,3
7ab9b88,3
b7398e0,3
9363860,3
3221a45,3
7761524,3
1fb1b42,3
4cc6de8,3
b0aa946,3
6e34459,3
010476a,3
c426c83,3
73f8106,3
8d283f8,3
6a4a679,3
586b3c3,3
ea708a9,3
9bdeb93,3
c05bd95,3
3a06dbd,3
a523395,3
49c7241,3
e2792f7,3
ee8573d,3
22904c3,3
eed73e5,3
37b05f2,3
4604783,3
0aa5ee9,3
e580920,3
ba02727,3
b5b6d86,3
373cad2,3
3676674,3
8bca938,3
d54f8d1,3
74b53b3,3
cad9140,3
12e02da,3
305cabe,3
f6d4c1d,3
65c150c,3
399d3c9,3
5971ce9,3
353c55a,3
0819958,3
05f4457,3
1a0f1e7,3
4277de4,3
4b2bc54,3
29f3f95,3
e275935,3
6bebe6f,3
6eb03d5,3
0c32da6,3
c397692,3
c1fccf4,3
1227061,3
f0dcdd8,3
49a6dbb,3
de1bfa1,3
d3b75fd,3
ef74a46,3
9deee2e,3
5404c4a,3
2179259,3
6344330,3
9ec494f,3
f034760,3
5e6e958,3
f440973,3
e3eb61e,3
308529b,3
08ac6fe,3
d676043,3
d6cb56c,3
45d3111,3
8bfd470,3
4984923,3
4d55cad,3
91271b7,3
6a69e34,3
f665072,3
051e851,3
991847e,3
13a80bc,3
57f78f0,3
0a8608c,3
c9793f3,3
1c0fc67,3
caada07,3
1ba27de,3
25778b4,3
1d89027,3
45421d3,3
37f32e6,3
b082130,3
cc1f0e6,3
f736317,3
be0f242,3
cf65177,3
c3d3787,3
1ceb0fb,3
4a28aff,3
88626f4,3
3045f94,3
3e45abf,3
4fa8d63,3
b7ea743,3
918c77e,3
b0d18b2,3
2c93052,3
12feef4,3
3a5fe6e,3
55cb0b1,3
5fc943d,3
77f0760,3
7d2ee4f,3
f8093bd,3
93a30f6,3
5026e95,3
42986bb,3
57d96fe,3
c2ae299,3
c78511a,3
4f33eef,3
f667688,3
33aa882,3
2a81db9,3
d3fdd31,3
6aa8c4a,3
8aafcb9,3
c06b3fc,3
ba8a59e,3
171498a,3
7ac0e23,3
82ab73e,3
8329152,3
a678475,3
9a82c22,3
1f66f0c,3
b497064,3
365ba42,3
489ee95,3
982e8fd,3
18b5325,3
a328acb,3
c17b0cb,3
bd02f2c,3
ed969de,3
8cc29f3,3
d7b379e,3
822eeec,3
8241709,3
0481643,3
1c1ec1a,3
99351c8,3
63f8e78,3
f3de05a,3
6462a46,3
286d39f,3
12da94f,3
ddb25bb,3
bcc433c,3
1edf114,3
5bd6d2d,3
f4554c6,3
abfe703,3
1acad04,3
2f5d03a,3
d3174e4,3
702962d,3
1553c7b,3
adbef06,3
3873f6e,3
20b4e3b,3
3eb1481,3
36018dc,3
a247600,3
cb87103,3
080968b,3
8ac07a2,3
f09e81a,3
fbefb45,3
c71d7f5,3
3150981,3
b319070,3
d79f5cf,3
b7f1bff,3
ce57b61,3
4e823d8,3
ead227a,3
e3dc564,3
eb42261,3
54c8755,3
d0f190b,3
615d6c2,3
af65cd3,3
f2cd27a,3
6fb801f,3
c1bfb75,3
8b02c04,3
b9e9371,3
b62cf49,3
bdaf745,3
fbcec39,3
0f88369,3
09976c9,3
594631f,3
3c41b32,3
31fab20,3
4c2c44b,3
bab71c3,3
1962a5b,3
5e112ea,3
adf95f8,3
b9c2558,3
9220575,3
3f117f6,3
0abcc24,3
9e04b98,3
af8d98e,3
0cbaf66,3
53c1924,3
2ce351b,3
c0ad9cc,3
7aca1b8,3
b7ecfb3,3
2c1f68f,3
8ee6e87,3
7d17413,3
a02e773,3
cb2a798,3
70f6668,3
25f45f9,3
811c7c9,3
229dcc3,3
85d294c,3
716341c,3
ceb7294,3
ce04fe4,3
3ee6bfd,3
dc45ad2,3
28e8879,3
7c0b00a,3
ca8d857,3
4bbc99a,3
af12c95,3
0f514ad,3
55e25db,3
f3dd26f,3
0aa9fa1,3
40dd4ce,3
0e66e6c,3
4821192,3
350b051,3
dcd4e33,3
c22fa64,3
57ccc99,3
86e29f5,3
a564507,3
c3c789e,3
3e3c555,3
44ec04e,3
c8e72d4,3
250c7ba,3
dba28e6,3
07b90f5,3
7e4d1fc,3
1e24499,3
b20581e,3
03d2784,3
2e33f61,3
ef93998,3
cf2d9a9,3
63283e7,3
a9e2679,3
c3f6547,3
d681f94,3
2ddd765,3
1bf0dc5,3
fc7d547,3
e8a48b5,3
da7242e,3
7d0f201,3
f324b8d,3
88ba89c,3
e11bb0f,3
6f707e0,3
207c508,3
1d8c5b6,3
8dbeb00,3
3ba1156,3
b7a98a4,3
44f8167,3
a0a8484,3
75bb20c,3
5fef5f9,3
4a9641b,3
0076797,3
849127d,3
c61015a,3
862f5f9,3
587661a,3
59d2b63,3
3e90e15,3
e6ccf96,3
4ee5782,3
28d71b1,3
1a90d95,3
d8f2904,3
7c460e3,3
3432446,3
57cb306,3
927e68a,3
bfba017,3
ba1a9dd,3
4fd1812,3
975d6bb,3
8d7209b,3
ab9624e,3
9d6d8bf,3
377e795,3
073b7f4,3
1583992,3
12add3f,3
7c778ca,3
6ab6ad2,3
9f84e12,3
0dec84e,3
51d53e8,3
6f77765,3
ec77b18,3
7e5a71e,3
8b4fd91,3
cd62195,3
474fde9,3
3ee3580,3
4ef26ce,3
11003e6,3
af9188e,3
c6a06bf,3
5b0e568,3
e818eb9,3
cad31ad,3
9a9c6ab,3
137c71b,3
493d7bb,3
7cee8aa,3
c850e29,3
0b88e2f,3
8989eee,3
2d0baa5,3
8bb0fc1,3
eaf6608,3
9dcd955,3
ab89cbf,3
bc6176f,3
0e1c54c,3
a86307f,3
7dcd779,3
c2af4cf,3
3cc135d,3
5e6846d,3
303c24e,3
e9be923,3
cfdae39,3
72a0bf0,3
b3a9725,3
cb032e3,3
cd1eabc,3
fc976ca,3
8d4d11a,3
81205cb,3
dea67cb,3
601cee1,3
91fb652,3
9f58d2c,3
d0bcf91,3
cda81bd,3
3ab11bd,3
1418b93,3
7aea8a9,3
cb1f122,3
0ea9ce9,3
3f637ae,3
d5c93fb,3
13522a5,3
2d26490,3
33f45a8,3
51e9ae3,3
0deae4a,3
f9ad1fb,3
1b567c9,3
fe59a42,3
d7b1dc2,3
b600a65,3
7838702,3
5e3500d,3
2cc31ed,3
26c35cf,3
c5e5ee6,3
2993665,3
75f7133,3
f40b5ea,3
2771612,3
570acaf,3
c82e1aa,3
ce4ddfd,3
8d6f6ee,3
5b4c08a,3
85977cd,3
4d0bf81,3
9070f62,3
c4a46b6,3
bdcae01,3
addd823,3
2a16147,3
e3c5371,3
e5cb94b,3
17e1dc2,3
8192b46,3
376cadb,3
294fa5e,3
ae72a4a,3
4753641,3
dc7698c,3
f06fc7b,3
79fd6ed,3
8ca00a7,3
c43ae6b,3
34235c1,3
24c52f6,3
79de8b3,3
e3af9d0,3
2004f6e,3
46a4e65,3
86cb12c,3
1e89fa2,3
d4a7148,3
e1ad76b,3
1b503ed,3
ad7d96c,3
75b2fcc,3
a02222a,3
7501cc4,3
2d2dbac,3
10c338a,3
f9606b4,3
05f145f,3
91f5690,3
092c8b1,3
5774a63,3
4f495a5,3
1d9c1cc,3
bff2eff,3
27638d8,3
81bdd0d,3
6561575,3
ac42e60,3
fa68f9d,3
fa39ab2,3
7f69f5a,3
6933292,3
c0db990,3
ded98c3,3
1a5301e,3
9c6028c,3
d6a7e66,3
0c2ccf9,3
31c09d4,3
2274b03,3
315d7fc,3
8460142,3
f37b70b,3
12e5531,3
6783694,3
ce0477d,3
a0246cc,3
eaba19b,3
9b6dfac,3
59e24a4,3
36481f6,3
63d6494,3
7bca72e,3
e0fc4e0,3
6ddee3f,3
fcd82e8,3
1049ae0,3
5617473,3
b5e6d40,3
d2bd348,3
5b58b4e,3
c7ac697,3
162d0da,3
7d66bf3,3
3c0a7df,3
87e08ec,3
2577a14,3
412b798,3
dd54ae8,3
61a7833,3
fe6b0ec,3
49f97fb,3
286586f,3
d42aa89,3
241d4b9,3
f9c6665,3
ed68403,3
2f574df,3
842ee53,3
a48f9dd,3
deca01d,3
7b5a7a8,3
6d0265c,3
51e78fb,3
4699cc3,3
68a5258,3
a5f1e01,3
049449b,3
e286a47,3
07afb46,3
016f55b,3
ade9da9,7
64ac8b0,7
50256e7,7
12a5c00,7
6c17908,7
45bb982,7
abf1f3c,7
c2e5889,7
38818d2,7
d0827e6,7
1f82006,7
ff24f80,7
0476b15,7
8351a45,7
d647df7,7
f0321ae,7
b33e9bb,7
440f1da,7
a9b7c64,7
53b6c54,7
8f93621,7
090935c,7
682e006,7
1ce1f1b,7
9a4421f,7
a6f3410,7
d1e4a31,7
b1ec77e,7
a1840ed,7
89bef50,7
f76dac0,7
6c9f6b0,7
d9d2b84,7
787b76c,7
cfd8a79,7
16c8924,7
f05d017,7
c1de157,7
79f146c,7
fcf409a,7
283277f,7
78ffb2d,7
fe50da2,7
4474760,7
2db12d9,7
e2adf6e,7
fb98936,7
74c2550,7
acf7bf1,7
d59ca96,7
c854ac9,7
15f60e1,7
0a11e97,7
4a50905,7
5c76eb9,7
c53f942,7
349bbd3,7
35baf58,7
348e64f,7
e5f8b2b,7
8bda214,7
d81aa1f,7
3e95641,7
26eb15a,7
a7f5533,7
27ca006,7
9b62c83,7
87ef1a2,7
a6abfbe,7
6747a7a,7
72e7f63,7
704ba71,7
a965611,7
3b2606a,7
d067d0f,7
a21e665,7
c241ebf,7
cf75260,7
4d9f08a,7
9a5ead4,7
86130a0,7
dc16599,7
8f5880c,7
ee481a0,7
aaddb7d,7
5a84c3a,7
35f9a64,7
73e1703,7
95b7c66,7
38375b5,7
edade77,7
f93b1ef,7
805d5a1,7
356d224,7
2d5329f,7
b78b491,7
c15beab,7
15d2ccc,7
2f80b82,7
4b42fdb,7
a9baa0f,7
4d34738,7
9ff43c2,7
5e3763b,7
4b1a8ef,7
7b755bc,7
559714f,7
a3ca290,7
4373ba6,7
b344e95,7
faf44cd,7
a70dd7a,7
4cf9655,7
dbf10f9,7
bb46936,7
3ca5ae6,7
75f1484,7
2152260,7
e9a2c35,7
e317482,7
326289c,7
cafea3a,7
4314b17,7
788439d,7
6d429eb,7
ae48564,7
11713ee,7
a163b11,7
b7a3845,7
8099f48,7
c2d2087,7
1cb523e,7
711ffdb,7
9b20840,7
8785baa,7
f26a105,7
b7a131a,7
7d5ea4e,7
33492cb,7
6cfbf11,7
3707bb4,7
e699011,7
8c1f1c1,7
92daea3,7
7c97145,7
7224c94,7
219903a,7
bc4b435,7
f42b6af,7
086cf61,7
3e3c42c,7
b42105a,7
8d0d491,7
f100111,7
50b7ce8,7
e87b382,7
db9b5ef,7
8af2acd,7
843b983,7
69e0450,7
1f2e16e,7
fd6a7dd,7
a5e101c,7
799af00,7
0d1df86,7
c70f993,7
f368582,7
b53d1e8,7
98db23e,7
9ac47f1,7
4e77556,7
01594cc,7
efc0bc9,7
1b56c20,7
e025311,7
087cbb5,7
d0dc1fb,7
b14ee7a,7
5751dd6,7
e564132,7
cb1d016,7
9a988cd,7
8e9af26,7
3522917,7
a63da3c,7
a4e7c7c,7
d7b7eef,7
3b22743,7
060b143,7
17a04e7,7
510b56f,7
7856684,7
291c1da,7
ce634de,7
8cc30e9,7
6aa214a,7
959f4f5,7
480baab,7
c136360,7
87d5589,7
3b9f9f4,7
a6b4867,7
78a7331,7
17f5777,7
e4cecdf,7
1568087,7
316155e,7
6656c2f,7
7c9e82d,7
8785ab8,7
467055d,7
3f43b25,7
7b22bf3,7
b854923,7
4353798,7
6d94c66,7
d974745,7
3ed04a3,7
efd474e,7
9e61681,7
b5ef0cd,7
e2f97c6,7
6928c54,7
681beae,7
080d191,7
5ee0eba,7
aa794f2,7
95706ad,7
eb189a1,7
737a3ae,7
c79b1a2,7
2402cb2,7
1e33c21,7
1018b75,7
d24ef7e,7
0020984,7
e6ffd91,7
ae8b0ce,7
3ed85b1,7
de4b261,7
ec268ae,7
23d1aed,7
aa2950d,7
a900528,7
0fbf449,7
e3e536e,7
4019769,7
753e71f,7
522283b,7
068e209,7
d3c6ba6,7
803d245,7
cb46c1e,7
d740fb9,7
73d9391,7
0caeb70,7
4a95d2e,7
6677e75,7
85fd66c,7
0b14e98,7
387b31d,7
d18db01,7
dacac02,7
038f2e3,7
420000a,7
cbe7d08,7
2297dfc,7
a56b025,7
a31d01b,7
57e4e18,7
d211702,7
f0dca71,7
bb2a7d7,7
626760f,7
953bcff,7
af4d743,7
03e7c5f,7
b13b16f,7
1f289ee,7
f9dfd81,7
d85f006,7
dcb0316,7
a2e5b07,7
ea07e7c,7
7d30008,7
b3bd42e,7
c596328,7
b20a2d5,7
8a8971d,7
3ca438a,7
2e1e317,7
1ec8d17,7
196c94c,7
23735b8,7
b698d52,7
a85cf64,7
f43178a,7
1ee2ff2,7
f46d00d,7
e43e24f,7
7244a68,7
fc4490c,7
88dd8ac,7
84ac181,7
7f456a0,7
6626349,7
b779864,7
291e2dc,7
1b00d83,7
f1b45cb,7
66001c8,7
8ab9439,7
7229471,7
73715f6,7
cba6647,7
e17e43d,7
5a3b267,7
4fb7420,7
3b3ef88,7
be7fa50,7
e70e941,7
9fb1865,7
70012dc,7
9f5e445,7
3e77fe0,7
091c263,7
976af95,7
a1a97bd,7
af749c7,7
e8e4417,7
f9902a8,7
1724a43,7
7b9d144,7
ea53c22,7
28f1ca4,7
80e2b11,7
babc22e,7
342f08e,7
5cbcb46,7
952d26d,7
e6c30a4,7
ee183f0,7
558dcdf,7
0096b2e,7
7baf8bf,7
e35b59e,7
753809d,7
b334303,7
436a144,7
18932a1,7
ca84269,7
ea437f1,7
eca5a69,7
f281d62,7
5d1e9e9,7
721eb94,7
d49f0f2,7
5920e59,7
9cb4449,7
8893c41,7
431ae2f,7
0c6fea6,7
4fafbfb,7
6875694,7
7ab2d6e,7
fa32c61,7
39e3431,7
a7825ea,7
765530e,7
39c4ded,7
776063e,7
29a2348,7
9241958,7
cea0644,7
7c4bd74,7
69e3f2d,7
a414fd4,7
4c5f216,7
265d95c,7
93b008c,7
869ce81,7
ef5f268,7
411de82,7
091331e,7
ab4c609,7
01c94bc,7
46c3421,7
a6c60a7,7
97c8456,7
24d205f,7
d0b207f,2
ad35e44,2
55eaa55,2
6af5e31,2
c8ba7db,2
abd7969,2
0a640a3,2
9cadd41,2
ed43333,2
1d33df9,2
9a961aa,2
05e049d,2
294ad9c,2
bf3964e,2
dbe4928,2
1680202,2
e064df0,2
f9273c4,2
c74f3a7,2
69f227f,2
e97646b,2
7d2f6e3,2
3527242,2
54635f1,2
9ab332d,2
5baccd0,2
762b62e,2
eef2975,2
66b63f5,2
5d3c7f0,2
c59c1ac,2
0f2f0e0,2
2a05d4b,2
d5e629a,2
349c454,2
e5a3534,2
a90ab79,2
4d19774,2
93092aa,2
2a7200c,2
fd2f61d,2
12a0891,2
df03803,2
e092d16,2
431c6d6,2
ab84e07,2
a29304a,2
078a241,2
6bd2b10,2
aadcb75,2
fbeb5e1,2
ef3616f,2
c4a84c9,2
745bad1,2
663f765,2
51db1c7,2
db3f520,2
ece2034,2
43a667d,2
29f7640,2
32701b4,2
2ec43f1,2
b213f76,2
7730861,2
b81ee37,2
92b55eb,2
d16ae59,2
f49babf,2
8ff98dc,2
690414e,2
a323e62,2
b7df970,2
c3f64bc,2
6d6698c,2
f990986,2
308028d,2
db0971d,2
ad56a47,2
b2dd7a1,2
6980953,2
2bcce88,2
6a43ad8,2
410681e,2
3ee0dc4,2
1b41cc2,2
3feae0b,2
8e10c61,2
22304d8,2
c5ffc9e,2
95ec7ef,2
cf7fa9e,2
70f25ca,2
c075572,2
0c479a6,2
7d59f61,2
75523e6,2
0a0fd82,2
26a0b39,2
6e54d33,2
d298028,2
1d6a818,2
7324762,2
bb78e4c,2
be2fdec,2
f12a904,2
8c9c3f3,2
8a4d45e,2
e7a2701,2
0c409ae,2
32c569e,2
2ccc30d,2
e06d7dd,2
bdc1d19,2
9867850,2
be49542,2
dfec49a,2
496c8ba,2
2514156,2
78d460e,2
f32caff,2
d70e399,2
8fecfe9,2
f169617,2
6272201,2
a7093c0,2
918900d,2
cb5eba5,2
8c348f4,2
84449bd,2
3cfc90f,2
6296cb2,2
4ab9dcd,2
82c2ae8,2
22af79c,2
78ebdd8,2
2a603a9,2
94f53d9,2
60669d3,2
548ce80,2
819b07a,2
56c9a3b,2
f649a7f,2
5e4d477,2
4989462,2
555788f,2
6df2ec4,2
dbdd51a,2
b664d3c,2
1c358dd,2
47f81bc,2
df8c355,2
721212c,2
ad810f1,2
ffc6bba,2
3b0889f,2
b42e10e,2
4fe9e43,2
6bf0616,2
73ec28b,2
33efa32,2
7dac106,2
34b6411,2
736ee2a,2
4045aec,2
4d5151a,2
62cd61a,2
e6ea8c5,2
5ad65f6,2
e2bd168,2
34bdf4b,2
efd8c2d,2
0dffa90,2
6002e3c,2
8a1f812,2
0a5ccd5,2
4cf0ed0,2
95e0a43,2
77349b4,2
0b37fa6,2
6145775,2
e91b4a0,2
21c3705,2
86178ff,2
46acdce,2
6de835e,2
6d04067,2
80b98f7,2
63c6a87,2
48880a8,2
60fbd6b,2
e705fb7,2
1f32e34,2
9404f61,2
e393cdb,2
84da334,2
8a9095b,2
f672af9,2
1a99d88,2
2ec0592,2
25d12a9,2
ba48b6c,2
174cb66,2
45ad363,2
08d8df6,2
0c3b154,2
312095d,2
7f68c8a,2
3d4e1d3,2
528fee2,2
78b6215,2
1e8b472,2
c0009cc,2
15f5b11,2
580f94e,2
a6919e1,2
dc7bd86,2
ff95d92,2
202ea44,2
fedfcd3,2
bf4e253,2
0599e87,2
99a7a12,2
7fdf223,2
e37bd86,2
280997b,2
3f250ff,2
b13ebfd,2
7dd5588,2
753cc4f,2
503a32b,2
112e395,2
e8648c0,2
645abca,2
c04937d,2
4c2ca3c,2
848ba50,2
4469e6d,2
9e593a2,2
b1bd59f,2
317f27e,2
cfb23db,2
6d08083,2
4ff5aeb,2
433c829,2
1a21443,2
aed2356,2
8e8ba96,2
7b7137a,2
9008b6b,2
736f7f0,2
316312d,2
b3eb585,2
1cca3a8,2
fefa4b6,2
da946f6,2
e704d5a,2
e555bdb,2
3c4447b,2
ffe4e30,2
adcc86a,2
7ad2eaf,2
9250267,2
476a8d4,2
d0dfd04,2
c012cd6,2
4a477b1,2
9480669,2
adb386f,2
32f5ea4,2
d5d4b19,2
f685c3b,2
81d8b92,2
14bdb2a,2
49bd4c8,2
ac8c6e7,2
5978740,2
f29a9b7,2
a49d42d,2
6b9c09f,2
dfa2600,2
fd0ca07,2
d8e404b,2
ed3749a,2
eb3e6e0,2
9fb7e17,2
5f96f94,2
9e014ac,2
6aa99e4,2
def3e36,2
7bb314c,2
cc58d7e,2
6152912,2
4fd7ee0,2
2ede90e,2
4a9b9b8,2
bd1dc71,2
cd5a2c1,2
78092d4,2
041260c,2
0522340,2
8cf9557,2
1efd30c,2
f487ea4,2
2a2545d,2
08a5239,2
76f5a1c,2
1756822,2
29748d4,2
b8b1a8c,2
a54fc6e,2
dc58198,2
211a910,2
2035a4d,2
ee320db,2
8180da0,2
79ada1e,2
4071557,2
389951b,2
7668534,2
6472d15,2
4e82f3a,2
4e2974f,2
960382e,2
149410d,2
8200da3,2
a867321,2
781aec5,2
1ef48fb,2
73590ac,2
734679d,2
abe33f2,2
cb9d34d,2
e1be718,2
d73c811,2
2f4a0eb,2
da85665,2
4dff89c,2
ea44c28,2
2d809fd,2
d893a57,2
d0f179b,2
b817907,2
b8148ee,2
3d6a2e0,2
b2775bf,2
c5846f4,2
06c46a8,2
766f68c,2
fd1a9b5,2
a45df32,2
7e7e03e,2
e1a6b81,2
1435a7d,2
1b87c3c,2
7fb0d7e,2
f92d7ad,2
1481af0,2
737bfe0,2
a258b2c,2
e97f67c,2
36e443e,2
013d805,2
9f548ea,2
3db7ecc,2
a45d8fe,2
d4e6767,2
e3f4b3b,2
1ab4026,2
95f794f,2
ce9c4c4,2
e1a4881,2
14a7f24,2
c67de49,2
9fcb41a,2
afc61d2,2
5a1e100,2
1d08b3a,2
f041846,2
a9d4526,2
0ef9cc5,2
ef8a63a,2
e171fd9,2
20b6b4f,2
542781f,2
d2ff44b,2
876bf0c,2
92c0cd4,2
4760855,2
39391be,2
3b3b8cc,2
e1a7a5f,2
3bfd7f3,2
546dff2,2
281cfc3,2
bf26610,2
fc84c7a,2
3770895,2
d79c441,2
0bd558a,2
172da90,2
1ea0c03,2
2be93bb,2
5427203,8
8717a35,8
cbef4a0,8
8744136,8
9ff0386,8
0b79966,8
fe55583,8
9011165,8
fbaeb49,8
13c5844,8
122aae9,8
ff61bee,8
1f544ed,8
a902e65,8
d5e65f4,8
86aeb98,8
39d41b2,8
f5ad880,8
69cec4f,8
91c90f8,8
8eda4bf,8
77087ce,8
d54e6ae,8
f51668d,8
1b40bc7,8
992c68c,8
6f44933,8
5fff977,8
31ee6df,8
74fd3de,8
4d27060,8
c3fc11e,8
cb2cecb,8
bf04823,8
87a5726,8
6658813,8
8961bbc,8
b28a694,8
19259fb,8
e1ee5ba,8
78737cd,8
af7597e,8
add8610,8
af672ea,8
f783b4f,8
b603e71,8
f9430a0,8
6d22c90,8
f57a059,8
cb6073a,8
94454eb,8
c5884de,8
0b9b29c,8
735ca65,8
0deb8ca,8
d526134,8
d3a3657,8
804cd66,8
7ff21bd,8
edb47dc,8
c95de23,8
6e7ecae,8
f8fa69a,8
faa5c23,8
01ee341,8
18a1c01,8
5927a08,8
d08278d,8
5a6dce3,8
9714ea5,8
c22f8f6,8
331b124,8
e418050,8
b0c173f,8
d5aea52,8
621e2bc,8
2d40a8f,8
a49060e,8
3fe0817,8
1e47aa4,8
080b2f6,8
eab61f2,8
e9849d1,8
fea6175,8
d4aa0c6,8
99efa48,8
8afb6ff,8
5cd3dfb,8
1106599,8
b4de29a,8
1878b44,8
737f842,8
1c1c171,8
9dfe1e1,8
b0214bc,8
162f356,8
5cc0643,8
c1357cd,8
239b474,8
919c186,8
5157678,8
c637895,8
cc1564b,8
2e00389,8
66e2a60,8
ba18424,8
5ace715,8
ee2d060,8
6708cf3,8
b112113,8
3d934de,8
df75ecd,8
8ef3f77,8
8c174d5,8
58e4d3f,8
8b3c27c,8
23f5f4f,8
7c15d65,8
03f2ae7,8
5525d13,8
a86d8f1,8
00d1028,8
333159f,8
6cb0c7f,8
6b64101,8
c50af9c,8
74ea482,8
8ab1dfd,8
55df5d8,8
aea1cb3,8
fec6bd4,8
6256c35,8
1480b36,8
d72bbce,8
ed398db,8
b998d33,8
e166a9b,8
0180750,8
18e1686,8
bf62514,8
62b7e74,8
808bc59,8
fa0ca05,8
1ecda83,8
afe7c1e,8
b6c66ce,8
6ed5ffd,8
9e7a13e,8
2f29519,8
52a1561,8
dab482f,8
c0f45de,8
17b3e82,8
09c8769,8
0acc50e,8
e4640d3,8
7dbd53f,8
8f8f1c1,8
31c9f79,8
92a9afb,8
2b7b1b8,8
a0166cb,8
4d36902,8
8b78fd8,8
3f263b6,8
691ebc6,8
c81f437,8
7c0670c,8
4a57dd5,8
a166190,8
ab0f1d4,8
237bad9,8
841f8b6,8
312ab3b,8
dcaada8,8
89a0371,8
a7523c3,8
5da4ee0,8
b415026,8
59b93f2,8
a0bc0b5,8
f8cb5e8,8
0c6ee40,8
3eedb8a,8
10fcd87,8
e64964f,8
cf3cc32,8
17d5d79,8
ce41a0e,8
b0597ea,8
4111ba1,8
1b48bb0,8
88679d2,8
25e915d,8
f47977e,8
d89646c,8
a413f40,8
b8f405d,8
c6e6e7b,8
26742ab,8
87e6900,8
26a73cf,8
8435307,8
4eb79f3,8
a469658,8
2c58231,8
2b48be3,8
522a5a2,8
c23b6bd,8
cbff9fb,8
dcc9e66,8
c13a412,8
f5df657,8
ec899e0,8
a26ec2f,8
b4afb40,8
4cb1268,8
ab5955f,8
19265f4,8
cc8f597,8
6129252,8
4b6a9a5,8
7e8d5f7,8
5e95393,8
066d4b9,8
d36bb7a,8
8c4622e,8
55981bf,8
360dd70,8
4c8516d,8
099c5ae,8
d22c6c4,8
10af1bd,8
18afcbb,8
1198778,8
70985a5,8
f7b266d,8
0c4635f,8
4ee65d0,8
25ba489,8
867cd59,8
e108576,8
89164c8,8
00ecf1e,8
ef6ed21,8
2044b63,8
f199cc4,8
5d3935b,8
190127a,8
4bb49a2,8
00cf835,8
cffa3f0,8
0984c8f,8
c89c915,8
2c67dc7,8
27942c0,8
c43add9,8
b613d4b,8
df13c97,8
ed58aa9,8
5bc1f5a,8
be719e0,8
072f369,8
f1f7fad,8
4b36aa9,8
afd108a,8
05a8672,8
0cbc469,8
5b03ea7,8
b35b9b9,8
a8e33cd,8
d2df439,8
bfa1b2b,8
9d95b66,8
6eeee30,8
af14132,8
2d03351,8
58ff9c2,8
66eed8c,8
ceb817b,8
439d56a,8
4c3e9ec,8
1bd9156,8
7c5fb3e,8
751d0e0,8
36e02a6,8
b9db80f,8
75ad829,8
26d4438,8
fa6705f,8
1826864,8
678d4ae,8
b3ca35e,8
e8e59d4,8
0ba09a4,8
8f44b9a,8
afa2f91,8
1a0e537,8
994f305,8
3a2ff13,8
5f3e13e,8
ce1c8d6,8
5a53834,8
0417dfd,8
b228936,8
9bbdd6e,8
ca3fdd6,8
1513863,8
5cea33f,8
e7cd3ad,8
c650042,8
59b7714,8
d18fe8a,8
9d8ba9c,8
487ba03,8
a8f0bf4,8
b7f20cc,8
49bfbbf,8
4c06580,8
c6c7fcf,8
cfc3c3f,8
a224767,8
1c46f80,8
bd25047,8
5cfaeea,8
cf1675e,8
9b41642,8
1fe29c3,8
4f78648,8
ffd178a,8
3357949,8
44ad36b,8
4431285,8
53aa4ad,8
5d11245,8
946a15a,8
23c8864,8
02d9ff0,8
eea9bc7,8
bcd2094,8
ea8c955,8
cbf97b7,8
0fa9f59,8
5827a3e,8
0908eae,8
630d88e,8
abe3cfa,8
3210eff,8
e3ae3d6,8
ad1d33a,8
7d016e6,8
521ddcf,8
36da8cd,8
21e4888,8
9b9bf75,8
e8ebacf,8
ef53476,8
caf58bf,8
ef7d03f,8
d078d59,8
f8b8a54,8
48f3cd8,8
97ccf37,8
d5ef205,8
710af55,8
4d7cd74,8
49218aa,8
5667741,8
1dbb671,8
e3d4aa3,8
9f9a44c,8
646c0f4,8
25a75d4,8
ec1dfc7,8
b8b2ed7,8
e616251,8
891eb83,8
296aa21,8
b25ca83,8
62a3b5c,8
6c72eb3,8
213cb2d,8
f9c3cf2,8
ca54336,8
c335dfc,8
3dd34ae,8
bc30978,8
007fcc9,8
387560b,8
514b23c,8
22657da,8
d372d23,8
da34fc9,8
d6036cc,8
44a881f,8
324cbdd,8
04b32d3,8
65852eb,8
10b5e53,8
49a90fd,8
5916f12,8
966741e,8
27ad497,8
c143764,8
4a8022a,8
35e95b9,8
9ce77eb,8
a51e342,8
cbbf7c8,8
6b41aec,8
704856d,8
4a2f41f,8
3e12e61,8
c2a597e,8
50eab55,8
009ce26,8
97e5f4e,8
ccffc8d,8
9b7c1b4,8
83710a5,8
72e370b,8
e075925,8
9ac3bb8,8
1c9507c,8
1c60b74,8
559cbcb,8
8e6569f,8
9d208aa,8
63fb032,8
d825813,8
1c4148e,8
8072e3d,8
676fb0e,8
7c4196f,8
1f1638b,8
709feb3,8
f200bbb,8
b61f775,8
1f084e1,8
37f0975,8
4a89b29,9
ec5bd81,9
095a15a,9
4bdb4d8,9
026e6f8,9
ecc63fe,9
37a25f1,9
66ecf6b,9
a06a33a,9
f66dfb8,9
d541805,9
3e6bfc6,9
f19c613,9
2109e48,9
a0412ac,9
595fff8,9
b821d63,9
1a16692,9
4d30450,9
4c7ae63,9
ef500b6,9
475f318,9
fbab66b,9
72a34fc,9
6d636f5,9
4631fe0,9
e5a03b8,9
f2fe1f0,9
c83029a,9
405378b,9
ae78614,9
562142a,9
d8c7b71,9
65a0eca,9
00cf27f,9
2a17652,9
ba7104e,9
9983a2f,9
db339f2,9
4fb15ff,9
3f53189,9
c5c3a9b,9
01065f4,9
6fdab23,9
4947ddb,9
b6eb214,9
6678477,9
23d4db1,9
7a4bece,9
6a7dabc,9
64e9eaf,9
b50f88c,9
c033938,9
a3274ae,9
4a8f879,9
7d0faec,9
e323fd4,9
1986bfd,9
5b297cd,9
b271f6d,9
7c62c3c,9
b8b3869,9
42c3505,9
2203b7f,9
3bbf9ea,9
cc68856,9
ff07d27,9
bb9c70a,9
d88050c,9
8830e6a,9
be47b80,9
011406a,9
04ae8d5,9
e6bb877,9
b9a290d,9
43b939d,9
5d20d96,9
10d7e2e,9
19b9523,9
b5231a7,9
f019a15,9
89eb143,9
c1f28e7,9
eeefb2a,9
ffef68f,9
259e59d,9
0e0c356,9
d6a6466,9
52179d2,9
8057c76,9
25ae265,9
682b3a6,9
c665239,9
cb2625f,9
eaac191,9
265eb52,9
99e67cb,9
9909dbc,9
038403f,9
4eb199b,9
f59992c,9
8dccb45,9
776bcc8,9
b6e36bf,9
3f3ecec,9
a56e073,9
fcb1734,9
9981af7,9
67c58b2,9
c821cfb,9
fc91b33,9
397d519,9
a4fbe8d,9
533bd59,9
1ec9cec,9
96b3f64,9
d640358,9
0bdf5a0,9
dc79ffb,9
7586bee,9
fcee107,9
3ad524a,9
e0eefe5,9
f1b4e96,9
2efc125,9
a7ee097,9
2fb514f,9
4cd5afb,9
906cd68,9
145a28a,9
eae6a91,9
8b86535,9
7d690b0,9
290c29b,9
f7a610e,9
4f72baa,9
908236f,9
6b99841,9
0fd448b,9
8dfacd0,9
e48c67d,9
77179b9,9
8060640,9
301c63b,9
fa4b4e6,9
c6019a8,9
5407268,9
2e097d7,9
62c94c8,9
f26e29c,9
8f3c18d,9
cf4976e,9
7915392,9
c2967fd,9
33e54ea,9
1b47cdb,9
fbdc746,9
c736082,9
0672c3e,9
2c4c886,9
a623ed6,9
8f3e1ad,9
078db3a,9
f8754e7,9
e8f5cfc,9
4563132,9
7c0f241,9
522e8a6,9
c6844c1,9
ef19922,9
c148765,9
6767647,9
0adcff9,9
f87cc39,9
2107d1d,9
dcdf01d,9
48c7837,9
b139c32,9
19956e6,9
890bc16,9
806a8af,9
fbf2cf4,9
4efd3bd,9
e3bf4c4,9
7a0e8de,9
e2b4afe,9
0d50ca9,9
f17c0c4,9
ac22aec,9
efc47c9,9
df955ef,9
07bf6ea,9
2529104,9
6395e34,9
a54e243,9
24e5d68,9
a5f194e,9
47862ca,9
ae96142,9
50429fa,9
54e1134,9
e663c0b,9
04a4911,9
f443c21,9
5defc7e,9
063c7e0,9
19a3b2e,9
9d8bde2,9
b59d10c,9
6c64dc2,9
2596e5f,9
2751bf2,9
9563df9,9
64656e1,9
e3f8d1a,9
bdd2c74,9
146bdb0,9
dcc3211,9
7afaf44,9
a4b962e,9
0397485,9
638aefd,9
83b3de3,9
dedabd9,9
67a2c68,9
709db41,9
235b86a,9
0fc4e37,9
6aae456,9
a836637,9
6214d96,9
bee37bc,9
8f74238,9
164ed73,9
22509eb,9
ff338ea,9
6f093df,9
fd941d4,9
e04872f,9
7cd6f21,9
44d3d0e,9
9d30a32,9
c2ea39b,9
d4300a7,9
7d807bf,9
10eb63d,9
aa519a5,9
ef7733c,9
2f94dbb,9
8ab3580,9
6b51304,9
33dcdb4,9
24703b2,9
722c26d,9
3da8156,9
a1c50a3,9
942786c,9
90df982,9
6ba440f,9
698b08e,9
b3d54cb,9
6cd920a,9
8b6ac18,9
385864d,9
a32deb0,9
7c72081,9
ff7d091,9
2f126c8,9
6d58b4d,9
d50164c,9
195a3a0,9
f11213b,9
2adcef9,9
c22ae76,9
d7527dd,9
34d32b4,9
1177701,9
7f1ac8a,9
e6f49a5,9
13e7c74,9
496b9c9,9
12f6846,9
bb2be0a,9
d1aeeae,9
96a13e1,9
34da4c8,9
9d9ee13,9
c1f2caa,9
74aa17e,9
a4a110f,9
dab7609,9
8045906,9
eb4a3e5,9
cc3c230,9
d65b2fa,9
65b7cf0,9
6adeb76,9
eaa0608,9
fd58232,9
4a449e9,9
c189d3a,9
09f52fb,9
ff36928,9
166caff,9
7d417bc,9
53332a7,9
afb48b2,9
74a6e32,9
0153c39,9
2c92bb3,9
2c72bfb,9
e2bc1a6,9
de53130,9
db8cf69,9
86867da,9
2e73449,9
d793ec8,9
b65f0e9,9
b50ba30,9
9572044,9
f71e006,9
4454ff5,9
14b27a2,9
4f334b2,9
805d1e1,9
51492a5,9
e65eb8f,9
f82f0df,9
b296ec0,9
a9786c0,9
fd72874,9
48fb68f,9
e535da3,9
5ff5c4c,9
0f48621,9
0b0ca08,9
a34ba08,9
e59b7ea,9
83a7f86,9
1fe5b1d,9
aebfe62,9
d08b6e3,9
5386334,9
91872c4,9
17c41a7,9
739d67d,9
f304767,9
b759ee1,9
486619e,9
1d9e93a,9
4beedd6,9
25257b1,9
9fb5be6,9
fa99e7f,9
ab9ac9c,9
9015018,9
e6a1842,9
7668a90,9
d45b2c3,9
cb7e06a,9
b1cd4f0,9
61892b5,9
766545d,9
0f881fe,9
e9f47b5,9
ec0ff47,9
3f728ef,9
023b19e,9
4ebc2b8,9
801609e,9
a30f461,9
ee09da8,9
30c3507,9
9ffa1ec,9
0344373,9
5676107,9
cd2c0d4,9
b905cf3,9
95b0a07,9
6be7696,9
287001a,9
927322e,9
936b141,9
642de21,9
14f6cf9,9
ead5d26,9
05fcb25,9
28e69e1,9
cedfe51,9
ba2223d,9
af04778,9
6098f15,9
8fe28cd,9
a9bc4e3,9
555d07a,9
71fead0,9
d5f4093,9
e08f734,9
d9e73ed,9
b9205dc,9
1640f51,9
a035492,9
a0eaf68,9
397215f,9
247acc6,9
e67c286,9
deafdf0,9
679c962,9
77370c4,9
0c206b1,9
770ac2d,9
f55dbb9,9
e0abeea,9
eba3064,9
1eca633,9
e06a0cd,9
bf72776,9
86f4815,9
3419f4a,9
44fbf89,9
930bed9,9
3e89d57,9
2e5b696,9
fb2c8e1,9
0dcbc38,9
56bbf4f,9
7be6858,9
6ec1a50,9
eb943e4,9
12399e5,9
7e3c5d8,9
8460711,9
47a689d,9
37884a0,9
ec2771c,9
a5cdc9d,9
778e79a,9
ac3e8c0,9
c19f76a,9
c52d31a,9
0da5f5e,9
4568d4c,9
a8f654c,9
797c31f,9
ee87231,9
d7950e8,9
e5e325d,9
58c7ff6,9
b8e7662,9
3761e62,9
c7f0d33,6
3532269,6
a2fe0c9,6
4104cd5,6
bb01c88,6
ef01d07,6
1a3363b,6
cb54739,6
26c054f,6
a401dcd,6
914c4f3,6
bd7d3de,6
0b53d9f,6
0b23d88,6
03a4f2e,6
8c98b15,6
2ea2dfc,6
2830d46,6
521451c,6
c61e81d,6
3841344,6
d3100b1,6
7ba6f33,6
f2cf2b3,6
6fceb19,6
6a932f4,6
11490bd,6
a7fbf80,6
8ac6f0e,6
5f25903,6
3dcc83b,6
9100f0b,6
69ec2ac,6
8f3135c,6
e8906b8,6
673f908,6
5f731ff,6
0adcc94,6
aa30eae,6
a3999dd,6
1f7cd9b,6
3d79580,6
7ef3619,6
61f8eef,6
748afb2,6
4506506,6
8046414,6
36122e2,6
1acbf51,6
e18d2ae,6
3d54b92,6
912bd9a,6
2828b78,6
b14124c,6
f9e5544,6
c98a4d8,6
2b20d96,6
1c4bc14,6
015782c,6
3918df1,6
b7b8e36,6
c5486c6,6
1de99aa,6
fb79d81,6
910f686,6
199ebde,6
e28739e,6
f3eeaae,6
d4a7217,6
73144fd,6
38f1082,6
1e32395,6
0c5308e,6
829de4f,6
0527938,6
941d07a,6
38ab94b,6
e429472,6
acfcc02,6
db2b5b7,6
abef0fe,6
564cfad,6
9b30de2,6
faa5ffa,6
9b3e7c4,6
1ee8b41,6
6c491a3,6
546da33,6
6350cc6,6
f3b4c1a,6
d769219,6
375f000,6
1a0bfd1,6
b49bc91,6
e7489c6,6
19d77f0,6
e9850e3,6
044bc2a,6
f7703e1,6
b1eb4ce,6
7aa0c27,6
edce724,6
4f84e7b,6
22e63ac,6
992028d,6
d2b3a0e,6
08d602d,6
24c74eb,6
58d1989,6
333bbfe,6
1d08d0f,6
631bd9e,6
84dfcca,6
f124c5f,6
b7eaa40,6
6453d57,6
e27b45f,6
99c8951,6
0bb208d,6
1d834e3,6
322833c,6
22c4900,6
4db7293,6
d364935,6
809cbac,6
dfd98e3,6
564c7a6,6
9e7c73b,6
04135ed,6
814ac0a,6
fcdb105,6
8bbd316,6
4997a6f,6
e0121de,6
d31be68,6
1038da8,6
9588570,6
7827d7a,6
5d9b0e3,6
f076e73,6
328d6e7,6
628abe9,6
bc337de,6
66ce183,6
fd3a8bd,6
3d907eb,6
da7be91,6
1994606,6
2405e51,6
4808fca,6
5d6240c,6
94fd540,6
0c20b7d,6
e8b8600,6
033a89c,6
d9d093b,6
f3c4f0c,6
7716094,6
5f6cec3,6
405ae55,6
cbc4646,6
f9873af,6
75036d9,6
43b2db3,6
d5a7107,6
b699702,6
af1fb11,6
c797721,6
73fea30,6
6ea21fe,6
5d988e3,6
51b6a13,6
163a215,6
8dd77f8,6
189f961,6
6e09309,6
e0a90e8,6
842d7d7,6
e82d8a7,6
1bc0005,6
17d74fe,6
f6f3337,6
84f9659,6
2b945ab,6
f9f7630,6
4fee573,6
817d73f,6
d67cbe2,6
174fe4c,6
bdd5dc6,6
f88c0b6,6
b89b2ec,6
409774d,6
d874965,6
d44c3aa,6
2ca486d,6
5f08646,6
7e5be6a,6
bde9f0c,6
861f658,6
fb9560c,6
bb546ef,6
60ba722,6
1b0ecfb,6
70105b4,6
5a9b63b,6
8b8bb6f,6
7cdb39e,6
3147de1,6
e2e66bf,6
babba87,6
0dd39a8,6
62208af,6
d70214a,6
3a2f011,6
fcae5c0,6
b861c0a,6
85414fb,6
381d25f,6
f87f2bd,6
fd1827c,6
16ba114,6
2d85156,6
11f87f6,6
bf5939f,6
d6d355e,6
4a9bd5f,6
76b4b6d,6
7035149,6
e22b11c,6
64469e9,6
eb7dbf5,6
57bd29b,6
7111115,6
28812de,6
331fa91,6
f356bad,6
fee625d,6
e4d29b5,6
5efe693,6
16ac488,6
f97f02f,6
4e43121,6
3439e9c,6
0de25df,6
2886381,6
0ff4481,6
3512663,6
e24a7d6,6
bad9e7c,6
61434b7,6
32606a9,6
3527ef0,6
3ae3776,6
ffad752,6
dd65612,6
bece201,6
55856ad,6
f15a402,6
ac0a534,6
5a61568,6
773548e,6
06e156c,6
3acb466,6
622b1e4,6
24691e7,6
86c7213,6
142f78c,6
6e02928,6
a20afda,6
cb9e64d,6
c4d0686,6
df54fb1,6
82b3e9b,6
61a3a84,6
95ce41c,6
26ce0b6,6
a025b00,6
c2b8cde,6
f78d899,6
56ae72d,6
0acbcdd,6
4a775c6,6
07c5564,6
511a34c,6
740aada,6
6a41ac5,6
9d501a5,6
29618ff,6
71936a3,6
dd96fbd,6
eaa58b6,6
c181eea,6
de2511f,6
feb1dcf,6
6abf0fa,6
887274a,6
674709c,6
c9aecf4,6
0dd1c93,6
7004f76,6
574f887,6
3a24179,6
bb1901c,6
39e6a9d,6
487cb4d,6
e502d81,6
0c27bcc,6
b4eabf9,6
8ae5fc5,6
b86999c,6
33a548a,6
c615313,6
0e34c84,6
72dc2dc,6
d92a562,6
67b9922,6
27daafe,6
d18605c,6
5598a5b,6
fdab1ff,6
0c32eb5,6
b63606c,6
7de8b89,6
0fd7146,6
7a8b45c,6
59863cd,6
07bb727,6
2275224,6
366500f,6
b88150b,6
93b82b3,6
a81ba44,6
30961f0,6
cb01d42,6
4dbeb1b,6
f7bf150,6
1816d6c,6
4393441,6
53db4e0,6
20a8f1f,6
7d72893,6
7092f1b,6
ac233b7,6
810ef60,6
6761846,6
0e963f7,6
639b9d5,6
3c6c50a,6
b3aeeb3,6
b769d95,6
2d50031,6
4e814ad,6
220dbe7,6
a3db254,6
534365a,6
2efcb50,6
21fe46c,6
6771b7d,6
ff093b0,6
a098fdd,6
3b56b57,6
7b7644a,6
4ec615a,6
51f9541,6
3b900b4,6
a6f4a52,6
8b5d264,6
d5df605,6
8b77f5f,6
334febb,6
d452bbc,6
4457a79,6
7db3069,6
f435643,6
8870b4d,6
d179081,6
4897d41,6
fd50d98,6
512dc92,6
51bad4e,6
5bb9b95,6
840f7f8,6
2e8cf07,6
472a585,6
a244d7f,6
0dbcab7,6
49b3f64,6
7e031d6,6
2860e46,6
a6c9e9f,6
84ae198,6
57816f1,6
a7f8f1f,6
63c3b71,6
98b28bb,6
20fe7c6,6
df8fb58,6
03ff3d2,6
12c07f2,6
aa17251,6
11e390d,6
ced669d,6
b3c90b1,6
04b1208,6
775d7f9,6
f630ed0,6
6de29b8,6
70291f9,6
1543781,6
50bdae0,6
41b6cb3,6
fcd4d98,6
64b98df,6
cb3aeb0,6
d676096,6
4308697,6
139e252,6
54b6168,6
887bf7f,6
683eebf,6
b6a8d33,6
38ac590,6
9fa3df1,6
a8fc787,6
3d7c5f7,6
7bf5758,6
3d42b70,6
d204d69,6
5d7f735,6
46c9737,6
689ea23,6
9a57524,6
9c35502,6
f3e633e,4
8beaf9f,4
377fde0,4
4e871ba,4
1fc0a53,4
a942409,4
57668ab,4
360c3de,4
f2c9129,4
15a3842,4
124885f,4
91872a3,4
4fdae11,4
98d968b,4
707ddf0,4
157baaf,4
db3bcab,4
b3248da,4
0c10b72,4
5119f2e,4
866b8ec,4
7f72c64,4
1325d0e,4
788f375,4
1807b2a,4
1f2042a,4
8d19664,4
6e62c9a,4
5e1b47b,4
8850d26,4
cabdd0c,4
f72f686,4
b542338,4
6bff62a,4
63ad746,4
cbf0bda,4
1fb62eb,4
5550728,4
672a7ee,4
e2bc802,4
8cae0e2,4
68f9f89,4
e9a95cf,4
2238583,4
5bd138e,4
594275e,4
9ec5507,4
c369269,4
cc20e32,4
127b9d6,4
07b47df,4
6283726,4
37289af,4
d8bba32,4
652b912,4
86cecd1,4
bc4a69b,4
aea4387,4
8521014,4
106ccfe,4
c98fbc3,4
1b686a0,4
20d11d1,4
dac1e09,4
740928b,4
6f4efd9,4
bd02754,4
b54d589,4
9e8a611,4
6bdc3c5,4
f0203a0,4
db0fb2d,4
0307837,4
32d1888,4
0f953d9,4
30403bd,4
7790648,4
d9ad993,4
62feedc,4
fe159cb,4
08d9a08,4
bc72d02,4
015535c,4
6af122e,4
588c02f,4
5434e65,4
24ff331,4
e8c1a2f,4
abd8781,4
87c6f12,4
70d42c9,4
061929b,4
a080637,4
d8d019c,4
5731e0c,4
33b779a,4
dee153f,4
dcf33e4,4
9b1adef,4
be82cea,4
02c1c96,4
24db55e,4
47fe7c4,4
b8ffdfc,4
b525cc5,4
d90cb5b,4
6f77f75,4
8ca2a4f,4
a8a3092,4
18455c4,4
cb5e1c3,4
673b647,4
519b120,4
4e14895,4
43978a0,4
cb58f93,4
2fcfda3,4
126f95e,4
f0e8841,4
fc487e9,4
a832e87,4
2425181,4
ed22481,4
b62dfa5,4
10c2127,4
a2d85b9,4
b245607,4
43861a3,4
af1ace9,4
404db59,4
c5e649c,4
0fc12fc,4
1fd22d6,4
21ee876,4
69b6382,4
0131f84,4
80a1a09,4
1cc568b,4
5f0dd21,4
85ada24,4
e8074cb,4
7d64354,4
b0c2eab,4
9626503,4
00286e9,4
cd2397a,4
9e3d484,4
386f95d,4
a094626,4
ed0ed68,4
96edcd5,4
38cd84a,4
4d2dd4f,4
ee9e8b0,4
7bd498a,4
ace6e9e,4
218f52e,4
6bfb090,4
9e8f325,4
187a51e,4
4a95065,4
4ab051b,4
60e6178,4
f958e42,4
254d21c,4
13efa97,4
3cd823e,4
db1a955,4
85a75e1,4
e7191b4,4
4033687,4
9c27e3b,4
9c00512,4
f2c23c7,4
cccc992,4
c86f58c,4
f23d0bd,4
d39c059,4
c7f1e4a,4
cf61e46,4
61d6327,4
f98316c,4
f2bdcb1,4
34b66c8,4
a1067e1,4
e291baa,4
b12a39c,4
9e0b9d5,4
738869a,4
4226963,4
a3ada08,4
6423178,4
58854b2,4
e1bba58,4
2af2ee0,4
3b7e8e2,4
b7f135b,4
5705614,4
91be5fc,4
0a2cbd2,4
ebfe5a2,4
55b2eac,4
f6c0186,4
13ebfa4,4
667dfdd,4
d170f51,4
a6fe773,4
d8682fd,4
a33d5cc,4
64f9bee,4
596eb9a,4
33cdbf4,4
d86d902,4
8baa9de,4
a5d39f2,4
af3cb91,4
8e43146,4
76c157a,4
245e3a1,4
971f12a,4
17633b4,4
d0d9d6c,4
341f03d,4
014c404,4
695866c,4
5965f8e,4
cf6a126,4
e480a95,4
6f9e6e9,4
7dd5f48,4
d2b87b5,4
e33f3a7,4
f8955d0,4
5746fef,4
78f68ba,4
6ca0d96,4
9276c8c,4
619337a,4
a54d9aa,4
b396968,4
faf3f7e,4
bd26909,4
b9a6db3,4
b5425b7,4
6ec4929,4
7602064,4
f6bcbc7,4
c911e53,4
f776c6b,4
6576fe3,4
9f7b343,4
74ddfec,4
88e4569,4
d1d7473,4
0f3a0f4,4
a9bc429,4
a7ea7db,4
ce25403,4
c2278d8,4
d3ef51d,4
f04530a,4
37b3bcb,4
0337e68,4
2cf5147,4
d6dc217,4
92bdba1,4
5b77331,4
1496c5c,4
cfccc2d,4
187534e,4
b57f9d1,4
86a023b,4
7e88998,4
477d163,4
61e1eb4,4
b925aa7,4
a0e2245,4
27c850b,4
d6edff7,4
0b8c5b8,4
498a646,4
7a986c5,4
7181f59,4
50a532c,4
b6be4a0,4
c70dcdb,4
e466fed,4
7172fb9,4
c524ca4,4
b1ac3fe,4
4b4255c,4
9a69571,4
432f529,4
774b241,4
4ded6f6,4
422aaa0,4
0ad4dfd,4
d9e11f9,4
3cb3a61,4
4ca34fb,4
b99454c,4
44a6da1,4
a51a8f2,4
a6c64fb,4
0db5c14,4
24c57e6,4
85a1ce3,4
afb4d6c,4
f76d96c,4
f0552f3,4
2d34909,4
27cdd75,4
e31a7d2,4
2a925a8,4
6e37b41,4
2e29a23,4
ff6e587,4
a50be42,4
cd979bd,4
3cf478a,4
c014c00,4
d219aec,4
17e6b93,4
3df746f,4
d7d3e0e,4
ed4af85,4
4cec707,4
3378bf3,4
e63f304,4
87815f1,4
8883481,4
36cc764,4
faf238a,4
84bfc95,4
33727ec,4
559615d,4
6305516,4
70ebcbc,4
e381389,4
bf92336,4
fc5a6c2,4
ecba88b,4
c268ca0,4
730ecf2,4
a1d59f7,4
6fd1be4,4
3c011ce,4
a214411,4
a79760d,4
8e866b3,4
bf236df,4
6692c3b,4
17efca3,4
c04f55d,4
49cabb6,4
76928f2,4
ad1331e,4
d3ab49b,4
efb5545,4
b801b27,4
1d80823,4
53ec73f,4
e34e5b5,4
d99c92e,4
7001b61,4
f70896d,4
d0078bd,4
7d3bd1e,4
a1f3dff,4
77c2492,4
0b3fc94,4
b7bd3a9,4
b9426e8,4
d8e723f,4
32c9dac,4
a2ab24e,4
f3d07f0,4
94e3cef,4
313ce2a,4
217435e,4
620be9e,4
917e49c,4
449d08f,4
64166cd,4
54d52c0,4
9abef46,4
bd37295,4
ba23533,4
31f7683,4
221381c,4
57f571b,4
fa922cf,4
5b796df,4
c9f10aa,4
d4e2bc0,4
8e1e311,4
5612bc8,4
9ac7bf8,4
59e5ee5,4
88e2332,4
e530fc3,4
e6d0c79,4
5511c62,4
9785746,4
a783b51,4
c09185c,4
4b9a4c1,4
5c2e2f8,4
33c6d79,4
8a7ea94,4
970ad09,4
404a4eb,4
1b7952a,4
bd72a21,4
c2b8db5,4
118c24c,4
4bf6a32,4
96819c9,4
b7d03ee,4
088a7f3,4
4dc13df,4
9bff787,4
b55a682,4
4551670,4
736e75f,4
f3deb1f,4
352a7f7,4
c785d39,4
335f0f7,4
3f8eee7,4
7afa128,4
cfdfd26,4
094c5b9,4
b457c26,4
4159dd1,4
a7c6b4d,4
81c4a70,4
7bae931,4
5bbd750,4
aa7a76c,4
bce1800,4
4ef3857,4
864b7bc,4
22d990e,4
cdde0b8,4
1e2703f,4
06294eb,4
ad36f75,4
77ea904,4
3253ae4,4
d342b57,4
75b70f3,4
a541697,4
6b9557a,4
483b5fb,4
6bbba40,4
df9bbed,4
ebf4255,4
8aad73d,4
2194db0,4
0c3eccc,4
ce1a6f3,4
cb6f0aa,4
000b650,4
650f5dd,4
0f093f4,4
8274d50,4
2079d7c,4
bbf1405,4
1fce431,4
48fbb05,4
7956d66,4
d6f91d1,4
fae85ce,4
c0fb636,4
448213f,4
59f01be,4
a9853a9,4
c070398,4
509b773,4
437666b,4
5b2cd23,4
1a0010c,4
f671c22,4
d4ca843,4
cdf4234,4
cfdb894,4
7947da8,4
755a019,4
aaa6c55,4
fa73529,4
0f492b6,4
edb4b15,4
61c6e1d,4
2f5a626,4
8e07f51,4
7994ce0,4
b530faa,4
030a234,4
df45321,4
5d1089a,4
cdc083a,4
32fa8d1,4
fd45c94,4
684a747,4
9deb0cd,4
1f41a88,4
5a0acd2,4
e7b9167,4
cf8b170,4
4230dd0,4
d728220,4
034810f,4
bce54eb,4
be10497,4
0d13bfc,4
